id;chat_id;username;firstname;lastname;phone_number;role;create_at
1;78556;Sleek secondary Sleek;bandwidth Bacon;hack;Rwanda;Receiver;2022-11-08T14:02:06
2;95984;value-added impactful;SQL;orchid;optical;Seller;2022-11-08T08:20:17
3;92799;middleware;Branding grey;HTTP payment Keyboard;innovate;Receiver;2022-11-09T00:48:07
4;86680;Auto Producer protocol;Plain moderator;lavender virtual;transmit Account unleash;Seller;2022-11-08T07:30:37
5;68894;monetize;silver;Internal invoice;web-readiness;Seller;2022-11-08T19:01:33
6;31669;solution plum;Ohio;Manager;GB International multi-byte;Seller;2022-11-08T06:59:52
7;83589;morph synergistic;Bedfordshire needs-based;Buckinghamshire installation Buckinghamshire;Legacy;Seller;2022-11-08T20:09:50
8;94604;withdrawal;Officer;Kwanza program reinvent;turquoise Divide;Receiver;2022-11-08T01:28:11
9;56096;secured;Crest synergy Salad;non-volatile;transmit;Receiver;2022-11-08T18:56:37
10;50624;Health time-frame;Iceland bypass ADP;Administrator Tasty 24/7;orange multimedia Michigan;Receiver;2022-11-08T02:47:54
